Page,Component,Booking_Handler,Handler_Function,Status,Validation
HomePage,HomePage.tsx,onBookNow,handleBookNow,✅CONNECTED,✅PASS
HomePage,HomePage.tsx,onBookService,handleBookService,✅CONNECTED,✅PASS  
HomePage,HomePage.tsx,onBookArtist,handleBookArtist,✅CONNECTED,✅PASS
ServicesPage,ServicesPage.tsx,onBookService,handleBookService,✅CONNECTED,✅PASS
PricingPage,PricingPageSimple.tsx,onBookService,handleBookService,✅CONNECTED,✅PASS
ArtistsPage,ArtistsPage.tsx,onBookArtist,handleBookArtist,✅CONNECTED,✅PASS
GalleryPage,GalleryPage.tsx,onBookNow,handleBookNow,✅CONNECTED,✅PASS
PortfolioPage,PortfolioPage.tsx,onBookNow,handleBookNow,✅CONNECTED,✅PASS
AftercarePage,AftercarePage.tsx,onBookTouchUp,handleBookTouchUp,✅CONNECTED,✅PASS
FAQPage,FAQPage.tsx,StickyBookingCTA,handleBookNow,✅CONNECTED,✅PASS
StickyBookingCTA,StickyBookingCTA.tsx,onBookNow,handleBookNow,✅CONNECTED,✅PASS
ContactPage,ContactPage.tsx,N/A,N/A,⚪EXCLUDED,✅PASS

# BOOKING FLOW CONSOLIDATION RESULTS
## DUPLICATES REMOVED:
- ❌ /components/booking/EnhancedBookingFlow.tsx (DELETED)
- ✅ /components/booking/EnhancedBookingFlow-Backup.tsx (BACKED UP)

## MASTER BOOKING FLOW:
- ✅ /components/BookingFlow.tsx (MASTER COMPONENT)
- ✅ App.tsx → OrganismBookingFlowDefault (CENTRALIZED)
- ✅ Modal Padding: 32px desktop, 24px tablet, 20px mobile (TOKEN COMPLIANT)
- ✅ Background Scroll: body:overflow-hidden implemented
- ✅ Z-index: 50 (NO DOUBLE OVERLAYS)

## INTERACTION MAP:
1. HomePage → handleBookNow/handleBookService/handleBookArtist → openBooking() → showBookingFlow=true → OrganismBookingFlowDefault
2. ServicesPage → handleBookService → openBooking() → showBookingFlow=true → OrganismBookingFlowDefault
3. PricingPage → handleBookService → openBooking() → showBookingFlow=true → OrganismBookingFlowDefault
4. ArtistsPage → handleBookArtist → openBooking() → showBookingFlow=true → OrganismBookingFlowDefault
5. GalleryPage → handleBookNow → openBooking() → showBookingFlow=true → OrganismBookingFlowDefault
6. PortfolioPage → handleBookNow → openBooking() → showBookingFlow=true → OrganismBookingFlowDefault
7. AftercarePage → handleBookTouchUp → openBooking() → showBookingFlow=true → OrganismBookingFlowDefault
8. FAQPage → StickyBookingCTA → handleBookNow → openBooking() → showBookingFlow=true → OrganismBookingFlowDefault
9. StickyBookingCTA → handleBookNow → openBooking() → showBookingFlow=true → OrganismBookingFlowDefault

## TOTAL BOOKING LINKS: 9 ✅
## DUPLICATE COMPONENTS: 0 ✅
## DETACHED INSTANCES: 0 ✅

## RESPONSIVE VALIDATION:
- ✅ 320px: Modal centers, proper padding
- ✅ 768px: Modal centers, proper padding
- ✅ 1024px: Modal centers, proper padding
- ✅ 1920px: Modal centers, proper padding

RESULT: ✅ PASS - Global booking flow successfully consolidated