Element,Location,Property,Current Value,Is Token (Yes/No),Expected Token
Background Colors,TabletLuxuryShowcase.tsx,background,#D4AF37,No,var(--brand-gold)
Text Colors,TabletLuxuryShowcase.tsx,color,#C0C0C0,No,var(--brand-chrome)
Text Colors,TabletLuxuryShowcase.tsx,color,#FFFFFF,No,var(--brand-white)
Text Colors,TabletLuxuryShowcase.tsx,color,#222222,No,var(--brand-background)
Button Background,TabletLuxuryShowcase.tsx,background,#D4AF37,No,var(--brand-gold)
Button Hover,TabletLuxuryShowcase.tsx,background,#C19B26,No,var(--brand-gold-hover)
Border Colors,TabletLuxuryShowcase.tsx,border-color,#D4AF37,No,var(--brand-gold)
Shadow Colors,TabletLuxuryShowcase.tsx,box-shadow,rgba(212 175 55 0.3),No,var(--gold-glow)
Chart Colors,ui/chart.tsx,stroke,#ccc,No,var(--brand-chrome)
Chart Colors,ui/chart.tsx,fill,#fff,No,var(--brand-white)
Background Colors,App.tsx,className,bg-brand-gold,Yes,var(--brand-gold)
Text Colors,App.tsx,className,text-brand-background,Yes,var(--brand-background)
Min Height,App.tsx,className,min-h-[44px],No,var(--touch-target-min)
Padding,App.tsx,style,10px 20px,No,var(--spacing-mobile-padding)
Line Height,App.tsx,style,1.0,Yes,Correct Implementation
Display,App.tsx,style,flex,Yes,Correct Implementation
Button Height,ServicesPage.tsx,max-width,[360px],No,Should use design tokens
Button Height,ServicesPage.tsx,height,[300px],No,Should use design tokens
Typography,styles/globals.css,font-family,var(--font-headline),Yes,Correct Implementation
Typography,styles/globals.css,font-family,var(--font-body),Yes,Correct Implementation
Colors,styles/globals.css,color,var(--brand-gold),Yes,Correct Implementation
Colors,styles/globals.css,color,var(--brand-chrome),Yes,Correct Implementation
Colors,styles/globals.css,color,var(--brand-white),Yes,Correct Implementation
Colors,styles/globals.css,color,var(--brand-background),Yes,Correct Implementation
Spacing,styles/globals.css,padding,var(--spacing-mobile-lg),Yes,Correct Implementation
Spacing,styles/globals.css,gap,var(--spacing-2),Yes,Correct Implementation
Shadow,styles/globals.css,box-shadow,var(--gold-glow),Yes,Correct Implementation
Shadow,styles/globals.css,box-shadow,var(--gold-glow-subtle),Yes,Correct Implementation
Hover States,styles/globals.css,background,var(--brand-gold-hover),Yes,Correct Implementation
Focus States,styles/globals.css,outline,2px solid var(--brand-gold),Yes,Correct Implementation
Touch Targets,styles/globals.css,min-height,var(--touch-target-min),Yes,Correct Implementation
Border Radius,styles/globals.css,border-radius,8px,No,Should use var(--radius-md)
Font Sizes,styles/globals.css,font-size,var(--text-body-mobile),Yes,Correct Implementation
Line Heights,styles/globals.css,line-height,1.0,Yes,Correct Implementation
Transitions,styles/globals.css,transition,var(--luxury-timing),Yes,Correct Implementation